{"eval/steps_per_second":0.008,"train_samples_per_second":0.001,"train_steps_per_second":0.001,"train/global_step":5,"train/grad_norm":4.490697383880615,"train_runtime":7716.0133,"_wandb":{"runtime":7867},"total_flos":5.906509824e+12,"eval/samples_per_second":0.008,"eval/runtime":1208.6894,"train/loss":3.1977,"train/epoch":0.1111111111111111,"eval/loss":3.6273186206817627,"_timestamp":1.7328941475273063e+09,"_step":10,"train/learning_rate":0.0001,"_runtime":7867.63403981,"train_loss":3.698887348175049}